{
  "total_collected": 420,
  "successful_collections": 84,
  "failed_collections": 66,
  "sources_used": [
    "bbc_amharic",
    "voa_amharic",
    "wikipedia"
  ],
  "collection_time": 234.297246,
  "quality_scores": [
    88.932749768538,
    89.05173699120323,
    89.43669674596663,
    99.2723697148476,
    99.43711521547934,
    99.59183673469389,
    99.32059447983015,
    99.26863572433193,
    88.87587822014052,
    99.86337362059905,
    89.46559786239145,
    99.57700650759219,
    99.79742173112339,
    89.38111610685004,
    89.8378268801946,
    99.38342967244702,
    99.46997462644488,
    99.39145699239322,
    99.31634182908546,
    89.2987758803083,
    89.5035799522673,
    99.61813842482101,
    89.60401979901005,
    89.60247515469717,
    89.52875175315569,
    89.608064820049,
    89.53122384061611,
    89.71612031091584,
    99.40869565217392,
    99.50491907331005,
    99.56912028725314,
    99.58188153310104,
    99.84126984126985,
    89.52237305178483,
    89.47880949115347,
    89.71155179586742,
    89.68918111177526,
    99.07881269191402,
    89.73365946460117,
    89.80321416857987,
    89.85271966527196,
    89.6343835083625,
    99.56682514527205,
    99.61813842482101,
    99.43152454780362,
    89.49569342154538,
    89.365841940908,
    89.60247515469717,
    89.6155026076286,
    89.49700806521551,
    96.0,
    98.52283770651118,
    99.84693877551021,
    98.89400921658986,
    99.3984962406015,
    99.7080291970803,
    98.80952380952381,
    97.96610169491525,
    99.82978723404256,
    100.0,
    99.20529801324503,
    98.36734693877551,
    99.20556107249254,
    90.0,
    99.91051454138702,
    99.01140684410646,
    98.0,
    100.0,
    100.0,
    89.17935702199662,
    98.54545454545455,
    100.0,
    98.31578947368422,
    99.18367346938776,
    99.44444444444444,
    98.24959481361427,
    99.36758893280631,
    84.61538461538461,
    99.77077363896848,
    100.0,
    100.0,
    95.0,
    99.42446043165467,
    99.49044585987261
  ]
}